usercode,name,age,gender,companycode
0,Roy Braun,21,M,700
1,Joseph Holsten,37,M,700
2,Wilma Mcinnis,48,F,700
3,Paula Daniel,23,F,700
4,Patricia Carson,44,F,700
5,Trina Thomas,47,none,700
6,Jesse Decelle,46,M,700
7,Gregoria Gil,21,F,700
8,Jack Sabo,41,none,700
9,Debbie Helms,35,none,700
10,Melvin Lovejoy,36,M,700
11,Virginia Roberts,61,F,700
12,David Thomas,53,M,700
13,Irene Tucker,36,none,700
14,John Cody,37,M,700
15,Janice Cudney,56,F,700
16,Shane Hubner,47,F,700
17,Victor Tribbett,25,none,700
18,Tanya Orourke,65,none,700
19,John Bennett,22,M,700
20,Sally Roberts,65,F,700
21,Julia Meinhart,56,F,700
22,Michele Ashford,51,F,700
23,Leslie Sandoval,35,M,700
24,Calvin Cuellar,60,M,700
25,Elizabeth Smith,64,F,700
26,Yolanda Connolly,49,F,700
27,Sean Pearson,62,M,700
28,April Miller,46,F,700
29,Lisa Natera,35,F,700
30,Alberta Bornhorst,59,F,700
31,Christopher Elliott,40,none,700
32,Wesley Locker,44,M,700
33,Ida Turzak,56,F,700
34,Anita Petersen,21,F,700
35,Helen Selby,34,none,700
36,Anna Rodriguez,56,none,700
37,Denise Newton,27,none,700
38,Nancy Dowdy,47,F,700
39,Billie Dwight,48,F,700
40,Carlos Campbell,42,none,700
41,Sandra Bissonnette,62,F,700
42,Robert Collins,61,M,700
43,Louise James,24,F,700
44,David Brisco,21,M,700
45,Margaret Paul,54,F,700
46,Bobby Garcia,42,M,700
47,Kevin Lindholm,28,M,700
48,Clyde Ruiz,46,M,700
49,Charles Wilenkin,55,M,700
50,Monique Williams,56,F,700
51,Jenell Torbus,39,F,700
52,Joyce Jacobsen,55,F,700
53,Carol Dixon,23,F,700
54,Dorothea Delaney,21,F,700
55,Ivory Shiner,38,none,700
56,Lindsey Pille,39,none,700
57,Dorothy Dyson,32,F,700
58,Ernie Walker,37,M,700
59,Katherine Martinez,29,none,700
60,Fred Moreta,47,M,700
61,Susan Armstrong,61,F,700
62,David Ray,32,none,700
63,Robert Bell,22,M,700
64,Ann Moore,41,F,700
65,Christina Law,51,none,700
66,Lona Paquette,52,none,700
67,Melissa Long,41,F,700
68,Lori Friedman,62,F,700
69,Patty Chestnut,22,none,700
70,Charles Lutz,57,M,700
71,Walter Hendrickson,49,none,700
72,Pearlie Truong,22,none,700
73,Melissa Emch,46,F,700
74,Janet Vaness,24,none,700
75,Robert Wilhite,65,M,700
76,Dian Houde,65,none,700
77,Helen Gorman,57,F,700
78,Craig Milstead,31,none,700
79,Margaret Bertholf,65,F,700
80,Elissa Hubbard,45,F,700
81,Angela Hill,21,F,700
82,Matthew Middendorf,60,M,700
83,Fay Hall,51,none,700
84,Josephine Miller,49,none,700
85,Peter Moon,39,M,700
86,Audrey Atwood,30,F,700
87,Marie Bowyer,30,F,700
88,Gabriel Davis,21,none,700
89,Dixie Perez,28,F,700
90,Juan Naone,39,none,700
91,Christopher Madden,21,M,700
92,Donna Day,43,F,700
93,Nancy Campbell,32,none,700
94,Cora Soron,47,none,700
95,Randall Wison,21,none,700
96,Mary Clarke,40,F,700
97,Desmond Claxton,47,none,700
98,Marie Ruiz,23,F,700
99,Louis Peck,41,none,700
100,Carla Puskar,36,F,700
101,James Banks,59,M,700
102,Henry Muhammad,43,M,700
103,Judy Church,39,F,700
104,Stephen Naylor,32,M,700
105,Richard Haugen,31,M,700
106,Tisha Eberly,27,none,700
107,Lisa Martin,46,F,700
108,Becky Gonzalez,58,F,700
109,Maria Averitt,24,F,700
110,Frank Leung,54,none,700
111,Susan Streets,63,F,700
112,Michael Benincase,53,M,700
113,Richard Bouton,38,none,700
114,Wallace Tenney,47,M,700
115,Mark Trogdon,48,none,700
116,Shawn Pennachio,59,M,700
117,Maurice Creasey,38,none,700
118,Margaret Renfroe,45,F,700
119,Justin Bedard,38,M,700
120,Robert Cuomo,41,none,700
121,Kim Frederick,54,M,700
122,Shannon Crosley,56,none,700
123,Ralph Alzugaray,60,M,700
124,Rae Austin,54,F,700
125,Marshall Knight,61,M,700
126,Ernesto Naron,47,none,700
127,Juan Jaremka,47,none,700
128,Alexander Carter,58,M,700
129,Angela Cooper,50,F,700
130,Robin Greek,65,F,700
131,Terry Conteras,25,F,700
132,Mary Dortch,48,none,700
133,Ma New,28,F,700
134,Anthony Mccaslin,54,M,700
135,Jeanna Davis,45,F,700
136,Sabrina Chance,53,F,700
137,Brittany Brahler,60,none,700
138,Kathryn Otsuka,27,F,700
139,David Huerta,31,none,700
140,Lillian Reyes,65,F,700
141,Moises Gilliard,39,none,700
142,Richard Espericueta,39,M,700
143,Lisa Fitch,37,F,700
144,Samantha Link,53,F,700
145,Sandra Cruson,30,F,700
146,Ruben Flores,65,M,700
147,Noah Pillar,55,none,700
148,Marty Ferguson,57,M,700
149,Mary Harkness,37,F,700
150,Catherine Michael,39,none,700
151,Edward Harris,40,none,700
152,Elisa Vizcarra,42,F,700
153,Tona Buri,65,F,700
154,Rex Velasquez,46,M,700
155,Matthew Sullivan,26,none,700
156,Shannon Buitron,53,F,700
157,Sarah Axelson,42,none,700
158,Benjamin Vanbuskirk,52,M,700
159,Jack Harris,26,M,700
160,Juan Stevenson,43,none,700
161,Abraham Smith,62,M,700
162,Helen Jordan,21,F,700
163,Derek Colburn,59,M,700
164,Tyler Butler,35,M,700
165,Christine Burlingham,62,none,700
166,Bonnie Romero,65,none,700
167,Robert Toney,65,M,700
168,Lynn Quirk,53,F,700
169,William Headley,55,none,700
170,Charlotte Adair,36,none,700
171,Wade Cobb,49,M,700
172,Emery Bradford,44,none,700
173,Devin Shaver,49,M,700
174,Christopher Brown,59,none,700
175,Doris Marsh,48,F,700
176,Eva Grant,32,F,700
177,Brent Jaynes,55,M,700
178,Bobby Rutledge,36,M,700
179,Ellen Brodowski,55,F,700
180,William Prahm,27,M,700
181,Harry Wong,23,none,700
182,Donald Anderson,29,M,700
183,Dean Lindberg,42,M,700
184,Ronald Giunta,60,M,700
185,Robert Sherman,54,M,700
186,Doris Quinones,56,F,700
187,Merle Gravatt,59,M,700
188,Donald Kingsley,24,M,700
189,Nicholas Goodman,31,M,700
190,Jack Neumann,60,none,700
191,Adan Duarte,35,none,700
192,Jordan Williams,41,M,700
193,Jose Carr,62,M,700
194,William Douthitt,37,M,700
195,Richard Juarez,39,M,700
196,Ora Nunez,59,F,700
197,Roger Chavers,23,M,700
198,Kathryn Fegley,41,none,700
199,Charlotte Kina,49,none,700
200,Teresa Banister,29,none,700
201,Emerson Martindale,41,M,700
202,Christopher Schroeder,34,M,700
203,Gary Lamb,46,M,700
204,Eddie House,30,none,700
205,Kelley Bradford,24,none,700
206,Lisa Mottillo,33,F,700
207,Mary Breton,33,F,700
208,Gertrude Fowler,37,F,700
209,Elvin Wilhoit,51,M,700
210,Jerry Vance,55,none,700
211,Jessica Shepard,57,F,700
212,David Donovan,34,M,700
213,Paulette Olney,44,F,700
214,Bernice Martinez,62,F,700
215,James Stokes,30,none,700
216,Tina Higgins,32,none,700
217,Manuel Hanson,53,none,700
218,Marylee Hall,60,F,700
219,Delia Romero,59,none,700
220,Jennifer Avalos,47,none,700
221,Ruth Nava,58,F,700
222,Kimberly Plumber,21,F,700
223,Georgina Trevino,36,F,700
224,Lucille Merkle,65,F,700
225,Carol Tinkham,35,none,700
226,Jennifer Ladner,29,F,700
227,Sandra Young,44,none,700
228,Robert George,29,M,700
229,Aaron Dunn,51,none,700
230,Patricia Pittman,35,F,700
231,Ronnie Stauffer,50,M,700
232,Linda Pelaez,29,F,700
233,Anna Broyles,63,F,700
234,Antonia Mcrae,45,F,700
235,Bonnie Martinez,49,F,700
236,James Brooks,46,none,700
237,Sylvia Etheridge,47,F,700
238,Charles Baker,38,M,700
239,Julie Berman,51,F,700
240,Foster King,33,none,700
241,Sonia Malaspina,63,F,700
242,Ray Johnson,56,M,700
243,Jason Griess,45,none,700
244,Opal Valles,45,F,700
245,Jacqueline Sabir,40,F,700
246,Dorothy Richardson,33,F,700
247,Judy Mcmann,25,none,700
248,Monica Chafin,49,F,700
249,George Sapp,26,M,700
250,Jeff Veno,38,M,700
251,Tommy Burns,25,M,700
252,Justin Lanosga,47,none,700
253,Barbara Knight,41,F,700
254,Doris Weaver,44,none,700
255,Arthur Hoag,31,M,700
256,Reuben Jones,51,none,700
257,Carolyn Miller,39,F,700
258,Walter Letchworth,35,M,700
259,Helen Walton,49,none,700
260,Veronica Rose,51,none,700
261,Betty Dietrick,50,none,700
262,Ramon Santistevan,33,M,700
263,John Lewis,34,none,700
264,Prince Webster,40,M,700
265,Patricia Ives,30,F,700
266,Larry Decker,45,M,700
267,Patricia Elwell,40,F,700
268,Henry Warren,47,none,700
269,Sandra Banks,49,none,700
270,Dustin Owens,51,M,700
271,Scott Schreyer,63,M,700
272,Genevieve May,56,F,700
273,John Evans,52,M,700
274,Alejandro Perry,61,M,700
275,Allen Strode,60,none,700
276,Angela Shelby,26,none,700
277,Fred Luescher,63,none,700
278,Willie Lopez,36,M,700
279,Mildred Jackson,49,F,700
280,Stephen Diaz,26,M,700
281,Christopher Shultz,29,none,700
282,Shirley Griffin,36,none,700
283,Barbara Faust,42,F,700
284,Adam Pittman,32,M,700
285,Barbara Gannaway,33,none,700
286,Ellen Hanks,43,F,700
287,Bradley Barone,39,none,700
288,Bryan Bowers,23,none,700
289,Ethel Duffy,34,F,700
290,Kristina Miller,43,none,700
291,Larry Dupree,36,M,700
292,Theodore Carter,36,none,700
293,Jeffrey Matthews,55,none,700
294,Dawn Harris,22,F,700
295,Jenna Center,60,F,700
296,James Fouche,28,none,700
297,Lawrence Deibert,49,none,700
298,Gary Schwab,29,M,700
299,Robert Herrera,28,none,700
300,Misty Garcia,25,none,700
301,Tom Salazar,58,none,700
302,Anne Brown,42,F,700
303,Richard Gomez,56,M,700
304,James Lord,32,M,700
305,Sarah Willis,50,F,700
306,Darren Bennett,43,none,700
307,Robert Legros,59,M,700
308,Doris Ramirez,27,F,700
309,David Robinson,33,M,700
310,Judy Atkins,32,none,700
311,Sandra Mitchell,30,none,700
312,Ulysses Barker,40,M,700
313,Judith Pierce,23,F,700
314,Matthew Johnson,50,M,700
315,Alfred Atkinson,61,none,700
316,Charlotte Johnson,64,F,700
317,Adam Groome,54,M,700
318,Hazel Grove,50,none,700
319,Anthony Jarrett,28,M,700
320,Reginald Doherty,33,M,700
321,Jack Perry,57,none,700
322,Wallace Gallardo,56,M,700
323,Jean Obrien,53,F,700
324,Robert Schlipp,48,none,700
325,Christine Lowery,24,none,700
326,Marian Dunn,63,F,700
327,Vanessa Nobles,32,F,700
328,Tracy Mccracken,53,F,700
329,Amanda Hanson,46,F,700
330,Robert Smith,57,none,700
331,Edward Grayson,41,M,700
332,John Garrison,38,none,700
333,Heike Wilson,30,none,700
334,Mitchell Goss,45,M,700
335,Larry Tapia,34,none,700
336,Edith Franco,22,F,700
337,Hans Bryan,37,none,700
338,Randy Sao,65,M,700
339,Stephen Midgett,33,M,700
340,Anthony Briney,25,none,700
341,Catherine Jenkins,31,none,700
342,Tina Tomasek,22,F,700
343,Eric Fuller,47,M,700
344,Gary Hanson,33,M,700
345,Timothy Perez,46,none,700
346,Jeffrey Forester,57,M,700
347,Keith Sherman,35,M,700
348,Mathilde Boone,52,F,700
349,Isabel Guthrie,36,F,700
350,Sam Abernathy,25,M,700
351,Sara Ferguson,32,none,700
352,Alicia Watts,36,F,700
353,Ricky Baker,57,M,700
354,Andy Skidmore,39,none,700
355,Debra Bailey,61,F,700
356,Ralph Colunga,33,none,700
357,Kathryn Childress,37,F,700
358,Rickey Orouke,46,M,700
359,Virgil Hauck,48,M,700
360,William Williams,49,M,700
361,Curtis Sexton,33,M,700
362,Kyle Young,59,M,700
363,Abby Small,25,F,700
364,Kristina Schuetz,48,F,700
365,Eunice Burns,24,F,700
366,Claude Johnston,65,none,700
367,Deborah Adams,28,none,700
368,Mark Nemec,25,M,700
369,Bart Haverstock,21,M,700
370,Susan Manzano,31,none,700
371,Jenine Hobson,65,none,700
372,Dolores Davis,32,none,700
373,Jame Carter,65,F,700
374,Kristopher Runyon,25,M,700
375,Jerome Sanchez,56,none,700
376,Dale Mazur,47,M,700
377,Larry Faron,24,M,700
378,Sarah Boock,30,none,700
379,Anthony Bethea,49,none,700
380,Rachael Moore,56,none,700
381,Victor Remington,52,M,700
382,Arthur Mckinnis,25,none,700
383,Gabriel Mantini,39,none,700
384,Eulalia White,45,F,700
385,Jeffery Gill,53,M,700
386,Katlyn Hsiao,44,F,700
387,Dorothy Barnes,21,none,700
388,Virgie Humphrys,23,F,700
389,Mark Eisentrout,43,none,700
390,Ervin Janke,55,none,700
391,Philip Robertson,49,M,700
392,Cameron Williams,27,M,700
393,Kelly Subido,23,F,700
394,Tom Floyd,48,none,700
395,Caroline Eaton,49,F,700
396,Douglas Shields,39,M,700
397,Robert Clark,28,M,700
398,Christine Spillane,29,F,700
399,Shirley Blacklock,36,F,700
400,Cathy Childs,52,F,700
401,Dave Morton,47,none,700
402,Philip Rose,48,M,700
403,Oliver Williams,49,none,700
404,Ana Hudson,23,none,700
405,Linda Thompson,53,none,700
406,William Jemmott,21,M,700
407,Fernande Conover,25,F,700
408,Richard Anaya,59,none,700
409,Frank Strawn,32,none,700
410,Marilyn Wix,39,none,700
411,Debbie Green,24,F,700
412,Teresa Sanchez,21,none,700
413,Clifford Fagen,63,M,700
414,Tonya Rivera,62,none,700
415,Barbara Oliver,61,none,700
416,Mary Rivera,37,F,700
417,Dana King,35,none,700
418,Frank Street,61,none,700
419,Tanya Donahue,36,none,700
420,April Williams,46,F,700
421,Brenda Alvarado,45,none,700
422,Mary Ewers,29,none,700
423,Sandra Sawin,21,F,700
424,Diana Mcelrath,59,F,700
425,Dorothy Martin,61,F,700
426,Amy Kun,65,none,700
427,Margaret Morley,63,F,700
428,Marion Smith,42,none,700
429,Brian Zimmermann,44,M,700
430,Sharyl Simmons,36,F,700
431,Matilda Wright,44,none,700
432,Linda Speight,52,F,700
433,Bradley Johnson,57,none,700
434,Johnny Odom,29,M,700
435,Eric Barakat,57,M,700
436,Linda Ellis,53,none,700
437,Diane Huff,60,none,700
438,Michael Stroik,44,M,700
439,Cynthia Hall,21,none,700
440,Donald Stallworth,46,none,700
441,Robert Coronado,32,M,700
442,Renee Brock,24,F,700
443,Alberto Hamner,24,M,700
444,Jodi Norton,37,none,700
445,Laura Burns,23,F,700
446,Henry Burkhard,46,M,700
447,Adam Hawkins,43,none,700
448,Marion Casey,28,F,700
449,Valerie Gonzalez,61,F,700
450,Monica Briggs,42,none,700
451,Derick Krausz,46,M,700
452,Maynard Murray,33,none,700
453,Christopher Norman,29,none,701
454,James Cox,52,none,701
455,Dana Looney,56,F,701
456,Gertrude Rice,36,F,701
457,Leonel Richardson,49,M,701
458,Donald Jansen,22,M,701
459,Joseph Silva,50,M,701
460,William Washington,63,M,701
461,Ma Hall,63,F,701
462,David Leone,43,M,701
463,Robert White,22,none,701
464,Zachary Richardson,60,M,701
465,Judith Brown,34,none,701
466,Walter Ortiz,52,M,701
467,Justin Emmons,31,M,701
468,Robert Terrell,47,M,701
469,Dennis Phillips,41,none,701
470,Ima Borne,23,F,701
471,Norma Brady,26,F,701
472,Helen Heavilin,28,F,701
473,Anita Smothers,48,F,701
474,Dorothy Sample,48,F,701
475,Cindy Sullivan,44,F,701
476,Major Girard,31,M,701
477,Kevin Boyd,46,none,701
478,Jerry Pickle,62,none,701
479,Earl Traina,42,none,701
480,Donna Koonce,32,F,701
481,Lyman Huizar,62,none,701
482,William Northey,31,M,701
483,Henry Browne,58,none,701
484,Julie Bourgeois,44,F,701
485,Angelina Lane,29,none,701
486,Katelyn Ogorman,46,none,701
487,Nancy Doggett,40,none,701
488,Sonja Bell,56,F,701
489,James Wareham,57,none,701
490,Frank Lopez,39,none,701
491,Lazaro Jordan,65,M,701
492,Scott Chavez,36,M,701
493,Artie Ladner,48,F,701
494,Steven Colon,31,M,701
495,Robert Carpenter,44,M,701
496,Charlotte Johnson,51,none,701
497,Christopher Cooper,60,M,701
498,Melvin Wineland,64,M,701
499,Andrew Sperdute,62,M,701
500,Edward Zahner,42,M,701
501,Amy Ruff,21,F,701
502,Jason Bottone,55,none,701
503,Mark Smith,30,M,701
504,Rafael Wood,61,none,701
505,Arthur Acevedo,24,M,701
506,David Grady,61,M,701
507,Thomas Coleman,57,M,701
508,Gwen Payne,64,F,701
509,Brian Thompson,21,none,701
510,Traci Shelton,41,none,701
511,Wilma Prescott,32,F,701
512,Juanita Baker,52,F,701
513,Kia Rodriguez,64,F,701
514,Myesha Taranto,41,F,701
515,Anna Edgar,24,none,701
516,Julie Hamson,47,F,701
517,Linda Gordan,30,none,701
518,James White,25,M,701
519,Alan Ferebee,32,M,701
520,Bobby Alex,30,M,701
521,Alicia Cedar,29,F,701
522,Wilfred Briggs,55,M,701
523,Timmy Lemons,34,none,701
524,Linda Parks,50,F,701
525,Cynthia Luzar,32,none,701
526,Joy Sibley,62,none,701
527,Elma Gonzales,40,F,701
528,Frances Kendall,34,F,701
529,Gary Pietrafesa,34,M,701
530,Tanya Mcmillan,32,none,701
531,Tammy Lechuga,51,none,701
532,Florence Wilson,42,F,701
533,Nicholas Fast,55,none,701
534,James Perez,21,M,701
535,Joann Mccrossen,28,F,701
536,Alice Mora,38,none,701
537,Robert Villalvazo,35,none,701
538,Marlene Worrell,55,F,701
539,Horace Skillman,64,none,701
540,Yvonne Ridgeway,30,none,701
541,Carolyn Watt,52,none,701
542,Dorothy Carter,64,none,701
543,Bianca Fitz,51,F,701
544,John Micciche,64,none,701
545,Kenneth Jump,46,M,701
546,Abdul Vogus,46,M,701
547,Paul Torres,60,none,701
548,Frances Vidal,29,F,701
549,Margaret Orellana,24,F,701
550,Luz Gilliland,22,none,701
551,Juanita Carter,52,none,701
552,Kevin Paul,45,none,701
553,Diego Boday,50,M,701
554,Georgia King,27,F,701
555,Yolanda Edwards,34,F,701
556,Jonathan Dickens,48,M,701
557,Phillip King,39,none,701
558,Peter Palmer,54,none,701
559,Betty Ollie,64,F,701
560,Pedro Lewis,32,M,701
561,Minnie Lesane,30,F,701
562,Clifford Forrest,54,none,701
563,Ashley Hernandez,61,none,701
564,Eugene Tiemann,41,none,701
565,Emma Ashbrook,53,none,701
566,Elma Depaz,29,F,701
567,Darlene Blosser,53,F,701
568,Lazaro Mendoza,41,none,701
569,Timothy Grady,28,M,701
570,Cathy Hinds,34,none,701
571,Nathan Ponder,43,M,701
572,Robert Carrell,64,M,701
573,Andrew Anderson,33,none,701
574,Della Gomez,52,none,701
575,Lucy Pagel,42,F,701
576,Chad Langevin,22,M,701
577,Paul Emery,63,none,701
578,Naomi Bartz,22,F,701
579,Ruby Lewis,31,F,701
580,Javier Anthony,24,M,701
581,Jennie Klein,35,F,701
582,Irene Land,62,F,701
583,Edmund Graham,63,none,701
584,Michael Jenkins,37,M,701
585,Clara Taylor,63,F,701
586,Gregory Thiboutot,39,M,701
587,David Edelson,34,M,701
588,Mary Parnell,53,none,701
589,Sherry Daigle,46,none,701
590,Jennifer Cargo,22,F,701
591,Veronica Salgado,65,F,701
592,Charles Horsley,38,none,701
593,Matthew Kellogg,38,M,701
594,Jason Woods,30,M,701
595,Maureen Burns,34,F,701
596,Dolores Huffman,55,F,701
597,Raymond Varner,36,M,701
598,Amy Baumann,57,F,701
599,Leroy Harris,47,M,701
600,Laurie Hubbard,38,none,701
601,Seth Mcclellan,32,M,701
602,Renita Smith,50,F,701
603,Marlene Shumpert,42,none,701
604,Tiffany Thomas,53,none,701
605,Robert Santos,36,M,701
606,David Evans,54,M,701
607,Laurie Fine,65,F,701
608,Thelma Dillinger,61,none,701
609,Kerri Jones,57,F,701
610,Rena Roberts,29,none,701
611,Heather Chambers,47,F,701
612,Myra Rivera,57,F,701
613,Isiah Enriquez,53,M,701
614,Anna Zurita,41,F,701
615,Stanley Norris,64,M,701
616,Jessica Kinsey,40,F,701
617,William Miller,57,M,701
618,Juanita Deno,58,F,701
619,Clifton Parsons,45,M,701
620,Elizabeth Cohen,25,none,701
621,Kenneth Vue,55,M,701
622,Daniel Bollman,38,M,701
623,Sumiko Boone,61,none,701
624,Tracy Brown,44,F,701
625,Elizabeth Srinvasan,61,F,701
626,Lora Jarman,22,F,701
627,Michael Sigmon,47,M,701
628,Anthony Watson,53,M,701
629,William Robinson,26,none,701
630,Mary Depalma,47,F,701
631,Zachary Steward,43,none,701
632,Celina Fish,59,none,701
633,Lori Mcknight,44,F,701
634,Frank Papa,33,M,701
635,Kimberly Barclay,48,F,701
636,Joe Kelly,44,none,701
637,Robert Pratt,28,M,701
638,Margo Sullivan,63,none,701
639,Edna Boyette,43,F,701
640,Thomas Lockman,26,none,701
641,Ashley Servais,26,F,701
642,Gary Kearney,55,M,701
643,David Lucas,50,M,701
644,Rita Field,49,F,701
645,Michele Alton,64,none,701
646,Andra Parker,33,none,701
647,Edna Ortiz,26,none,701
648,Ethel Dalton,31,F,702
649,Christina Pedersen,35,none,702
650,Barbara Evers,64,none,702
651,Brett Ahart,34,M,702
652,Alice Berger,26,none,702
653,Gina Dieteman,21,none,702
654,Andrew Ramos,59,none,702
655,Aaron Feliciano,60,M,702
656,Kenneth Quick,33,M,702
657,Leta Garber,45,F,702
658,Bryce Gearing,22,M,702
659,Juan Kloke,57,M,702
660,Harlan Hudson,28,none,702
661,David Michl,30,M,702
662,Everett Schlesener,57,M,702
663,Michelle Richey,49,F,702
664,Janet Romero,28,F,702
665,Marvin Archer,61,none,702
666,Ronald Barrett,22,M,702
667,Clayton Cline,39,M,702
668,Carmen Politi,48,none,702
669,Shari Reynolds,54,F,702
670,Patrick Obrien,32,none,702
671,Pedro Woodbury,65,M,702
672,Patricia Mcdonald,45,F,702
673,Jennifer Robles,41,none,702
674,Jacqueline Thornton,64,none,702
675,Carol Cobb,39,F,702
676,Mary Burkett,22,F,702
677,Bernard Park,48,M,702
678,Ted Gowins,32,none,702
679,Tim Ransom,47,M,702
680,Bret Dowell,52,none,702
681,Myrtle Churchill,51,F,702
682,Margaret Stewart,56,none,702
683,Loma Walker,25,F,702
684,Robert Mitchell,49,M,702
685,Michael Shields,33,M,702
686,Joyce Seifert,56,F,702
687,Lora Perez,23,F,702
688,John Orr,27,M,702
689,William Caravella,50,none,702
690,William Glancy,64,M,702
691,Rhonda Hauck,25,F,702
692,Mike Grimmett,50,M,702
693,Pauline Huff,59,F,702
694,Jolene Ser,22,none,702
695,Clement Johnson,59,M,702
696,Michael Nutt,21,M,702
697,Donald Clairmont,62,M,702
698,Susan Anderson,51,F,702
699,Kevin Lamb,43,M,702
700,John Mcvey,28,M,702
701,Evelyn Murawski,41,F,702
702,Joseph Clymer,38,M,702
703,Lori Kelly,26,none,702
704,Kevin Chiang,52,M,702
705,Shirley Smith,32,F,702
706,Portia Applebaum,64,none,702
707,Arthur Hendrix,37,M,702
708,Gary Heard,53,M,702
709,Rosemarie Bryan,52,none,702
710,Cynthia Mekee,31,F,702
711,Esther Odonnell,32,F,702
712,Kristin Davis,45,F,702
713,Harvey Craig,42,M,702
714,Amanda Linsky,40,none,702
715,Martha Smith,27,F,702
716,Charles Mullins,46,M,702
717,Mary Kelly,41,F,702
718,Brooke Gilbert,57,F,702
719,Cory Ruiz,64,M,702
720,Tina Heath,29,none,702
721,Gregory Huntington,41,M,702
722,Joan Bottoni,34,none,702
723,Charles Morgan,34,M,702
724,Elizabeth Gastelum,34,F,702
725,David Wright,21,none,702
726,David Bowers,34,M,702
727,Jeffrey Collazo,25,M,702
728,Rebecca Kim,40,none,702
729,Hattie Martin,55,F,702
730,Lori Gonzalez,32,F,702
731,Linda Goodson,51,F,702
732,Vickie Nave,42,F,702
733,Jesus Victor,30,none,702
734,Ronald Pierson,34,M,702
735,William Mckay,36,M,702
736,Shawn Hacker,57,F,702
737,Paula Fleming,32,none,702
738,Luciano Harris,58,M,702
739,Adrianne Pierre,53,F,702
740,Milton Stanley,50,M,702
741,Brian Trujillo,65,none,702
742,Anna Willis,22,F,702
743,Mckenzie Dougherty,60,F,702
744,Carmen Delisi,26,M,702
745,Elizabeth Hewitt,53,F,702
746,Maurice Miles,34,none,702
747,Ruth Bennett,51,F,702
748,Bradley Rhodes,47,M,702
749,Ernest Reyes,55,M,702
750,Kathleen Tsang,41,F,702
751,Nancy Moradian,55,none,702
752,James Pizarro,64,M,702
753,Eric Capps,51,M,702
754,Barry Smithers,49,M,702
755,Kelly Lafave,58,none,702
756,Connie Stokes,27,F,702
757,Muriel Booth,38,F,702
758,William Garcia,64,M,702
759,Robert Schrader,27,M,702
760,Andrew Stoddard,44,M,702
761,Ralph Paquin,31,M,702
762,Viola Munoz,35,F,702
763,Kenneth Farnsworth,33,none,702
764,Jacqueline Pratt,54,none,702
765,Nancy Fanno,40,F,702
766,Anthony Young,30,M,702
767,Keely Rice,25,F,702
768,Antonio Sanchez,64,none,702
769,Susan Lacy,50,F,702
770,Bobbie Murray,51,F,702
771,Leslie Viviani,53,none,702
772,Tracy Anderson,41,none,702
773,Edna Clyne,56,F,702
774,Micheal Blakely,43,M,702
775,Frances Bass,27,F,702
776,Sharon Fontenot,48,F,702
777,Peter Arias,42,none,702
778,Angela Davis,42,none,702
779,Matthew Freeman,45,none,702
780,Ashley Moon,40,F,702
781,James Sanchez,30,M,702
782,Carolyn Nielsen,63,none,702
783,Kelly Ross,44,none,702
784,William Biffle,40,none,702
785,James Wells,24,M,702
786,Krista Vandyke,29,F,702
787,Jessie Tu,43,F,702
788,David Young,47,none,702
789,Katharine Perry,54,F,702
790,Leopoldo Ensign,52,none,702
791,Donald Hysmith,50,M,702
792,Brent Williams,44,M,702
793,Regina Garza,29,F,702
794,Beatrice Curtis,31,F,702
795,Eric Ison,52,M,702
796,Nereida Legrand,63,none,702
797,Andre Harris,22,M,702
798,John Byrne,64,M,702
799,Edwina Zamora,56,F,702
800,Linda Hixon,42,F,702
801,Ronald Foley,63,M,702
802,Amanda Mcinnis,63,none,702
803,Charlotte Foster,40,F,702
804,Jarrod Woodard,35,none,702
805,Chadwick Goodwin,28,none,702
806,Amy Coppage,52,F,702
807,John Isaksen,23,M,702
808,Judy Williams,27,F,702
809,Davina Tyler,22,F,702
810,Louise Hoffman,58,F,702
811,Therese Behne,59,F,702
812,Allan Mclaughlin,46,M,702
813,Shani Stutz,64,F,702
814,Martha Powell,46,F,702
815,Monica Mcintyre,45,F,702
816,Angela Bowman,46,none,702
817,Charlotte Mcneal,44,F,702
818,Ralph Macdonald,60,M,702
819,Linda Cunningham,55,F,702
820,Walter Johnson,44,M,702
821,Deborah Ryan,35,F,702
822,Frankie Ortega,54,F,702
823,Murray Chang,33,none,702
824,Janet Briggs,45,none,702
825,Karen Gilley,35,F,702
826,Chris Gregory,44,M,702
827,James Lubin,54,M,702
828,Thomas Chary,23,M,702
829,William Johnson,50,M,702
830,Carlos Hernandez,32,M,702
831,Dorothy Lawrence,28,F,702
832,Richard Ware,55,M,702
833,Natalie Miller,43,none,702
834,Carlos Lanier,58,M,702
835,Phyllis Morse,46,F,702
836,Edward Amsterdam,36,M,702
837,Harold Uren,50,M,702
838,Rosemary Kelly,23,F,702
839,Ben Brummer,55,M,702
840,John Vil,55,none,702
841,Suzanne Thomas,36,none,702
842,Lavinia Hankey,32,F,702
843,Michael Dabbs,29,M,702
844,Brian Morales,56,M,702
845,Alex Branhan,49,none,702
846,Thomas Cagle,42,M,702
847,Hillary Young,32,none,702
848,Patrick Henderson,37,M,702
849,Lisa Castro,25,F,702
850,Mike Williamson,63,M,702
851,Jonathan Andrews,58,none,702
852,Kaitlyn Wood,57,F,702
853,Fred Bergeson,40,M,702
854,Eric Singleton,46,none,702
855,Brian Shevlin,61,none,702
856,Jake Rollo,60,M,702
857,Tony Lilly,28,none,702
858,Helen Baker,31,F,702
859,Reyna Nelson,32,F,702
860,Trent Hughes,33,M,702
861,Yu Edwards,47,none,702
862,Margaret Phillips,39,none,702
863,Ronald Markus,63,none,702
864,Helen Weidert,24,none,702
865,Gary Thurston,49,M,702
866,Yvonne Ahmad,46,F,702
867,John Rivera,40,M,702
868,Eric Galioto,37,M,702
869,Jose Bowen,65,M,702
870,Rachel Garcia,25,none,702
871,Ruben Beezley,21,M,702
872,Anthony Hunt,31,none,702
873,William Lindsey,27,M,702
874,Nancy Gentry,30,none,702
875,John White,61,M,702
876,John Harris,22,M,702
877,Kevin Gay,48,M,702
878,Eric Limbrick,42,none,702
879,Tyler Eddy,65,M,702
880,Alejandro Hess,61,M,702
881,Marlene Williams,42,F,702
882,Kimberlee Knipper,58,F,702
883,Laura Webb,46,F,702
884,Linda Brown,58,none,702
885,Erma Smith,28,F,703
886,Gregory Patterson,37,none,703
887,Candida Marrs,46,F,703
888,James Ayala,23,M,703
889,Leslie Smith,29,none,703
890,Tyler Jones,58,M,703
891,Carolyn Caldwell,31,F,703
892,Tanya Norman,23,F,703
893,Jessica Godina,30,none,703
894,Ashley Miller,24,F,703
895,Alex Fratta,33,M,703
896,Josephine Sigmon,50,F,703
897,Thomas Smith,59,M,703
898,Edwin Miller,29,M,703
899,Patricia Hardy,46,none,703
900,Darin Lopez,35,M,703
901,Roderick Holloway,52,none,703
902,David Klein,38,none,703
903,George Mohn,44,none,703
904,Rebecca Beach,27,none,703
905,John Curtiss,53,M,703
906,Mario Mendoza,41,M,703
907,Daniel Capone,55,none,703
908,Mary Worley,56,F,703
909,Dennis Shipley,23,none,703
910,William Anderson,59,M,703
911,Eric Starkey,47,M,703
912,Nicole Gray,43,F,703
913,Elsa Wagner,37,F,703
914,Jeffrey Ramage,40,M,703
915,Beau Butler,56,M,703
916,Clifford Gonzalez,33,M,703
917,Claude Ramos,46,M,703
918,Jennifer Gray,24,F,703
919,Robert Luther,52,M,703
920,Vincent Reyna,65,M,703
921,Charlie Mccormack,33,none,703
922,Earl Collins,31,M,703
923,Dorothy Palmer,55,none,703
924,Marie Witt,45,F,703
925,Jessie Armstrong,64,none,703
926,Bertha Garcia,28,F,703
927,Dolores Chambers,55,F,703
928,Sonia Walsh,24,F,703
929,Ann Pope,37,F,703
930,Juan Steinberg,39,M,703
931,Michael Whitmire,56,M,703
932,Theresa Smith,43,F,703
933,John Baker,40,none,703
934,Harvey Violette,25,M,703
935,Santo Christ,46,M,703
936,Mary Everts,51,F,703
937,Marc Wiliams,32,none,703
938,Allison White,28,none,703
939,Timothy Taylor,37,M,703
940,Ronald Sullivan,41,none,703
941,Wendy Ferguson,57,F,703
942,Delia Rodriguez,26,none,703
943,Linda Hill,33,none,703
944,Carol Bogdan,33,none,703
945,Kirk Mccormick,55,M,703
946,David Robinson,30,none,703
947,Beth Bloodsaw,43,F,703
948,Phyllis Flynn,36,F,703
949,Regan Edwards,54,F,703
950,Ivan Henton,32,M,703
951,Kathleen Glass,35,F,703
952,Nathan Binder,30,M,703
953,Jeffrey Sutton,55,M,703
954,James Potts,52,M,703
955,Tad Corry,27,M,703
956,Clarence Gracely,51,M,703
957,Charles Zoutte,64,M,703
958,Glenn Jenkins,51,M,703
959,Janice Hutchinson,64,none,703
960,Theresa Guttmann,33,F,703
961,Howard Price,34,M,703
962,Tiffany Behm,46,F,703
963,Robert Taylor,54,M,703
964,Ernest Bybee,62,M,703
965,Gary Vasquez,36,none,703
966,Steven Armstrong,54,M,703
967,Helen Castrellon,39,none,703
968,Martha Cole,41,F,703
969,Christopher Marquez,27,M,703
970,Juan Flood,35,M,703
971,Mona Wilson,58,F,703
972,Lisa Ward,32,none,703
973,Kathleen Fernandez,64,F,703
974,Katina Filion,50,F,703
975,Nancy Mondragon,27,none,703
976,Maria Peterson,62,F,703
977,Suzanne Mancine,58,none,703
978,Melanie Mcquistion,35,F,703
979,Joshua Hurdle,42,M,703
980,Bill Cotton,42,M,703
981,Mary Brumfield,30,none,703
982,Clarence Mcintosh,57,M,703
983,Daniel Marin,43,M,703
984,George Yanez,29,none,703
985,Laura Ramirez,42,F,703
986,Danny Ramos,64,none,703
987,Chris Dougherty,40,none,703
988,Tosha Hilton,36,F,703
989,William Battey,28,M,703
990,Lorriane Potts,48,F,703
991,Daniel Kraham,62,M,703
992,Claudia Liang,27,F,703
993,Shirley Baldwin,38,F,703
994,Marion Deleon,26,F,703
995,John Parks,36,none,703
996,Thomas Yang,36,none,703
997,Shirley Rowles,39,F,703
998,Betty Lindley,31,none,703
999,Robert Scroggs,44,none,703
1000,Adam Stanley,22,none,703
1001,Josephine Strasser,21,F,703
1002,Nancy Kramer,55,F,703
1003,Wanda Underwood,38,F,703
1004,Carl Saiz,58,none,703
1005,Tara Moore,54,F,703
1006,Gregory Dugas,33,none,703
1007,Shirley Barnhill,51,F,703
1008,Eric Mcmaster,43,none,703
1009,Neil Tortora,38,none,703
1010,Donald Bennett,61,M,703
1011,Bianca Tew,40,none,703
1012,Marvel Gill,46,F,703
1013,Lydia Estrella,31,F,703
1014,Rosie Perdue,41,none,703
1015,Daniel Spurlock,61,none,703
1016,Nola Harris,54,F,703
1017,Duane Norton,47,M,703
1018,Elke Cavallaro,31,F,703
1019,Doris Irby,31,F,703
1020,Trina Smith,34,F,703
1021,Martha Calhoun,58,F,703
1022,Earline Sherrod,22,none,703
1023,Robert Avila,54,M,703
1024,Natalie Ackerley,34,none,703
1025,Steven Napier,57,M,703
1026,Ted Bonneau,44,M,703
1027,Myong Harris,45,none,703
1028,Jonathan Crawford,59,M,703
1029,Steven Carlisle,43,M,703
1030,Shaun Bell,36,none,703
1031,John Lynum,42,none,703
1032,Linda Clark,55,none,703
1033,Chad Treisch,53,M,703
1034,Alton Jastrebski,32,M,703
1035,Katherine Ruff,37,none,703
1036,Helen Hammond,60,F,703
1037,Amanda Kohn,40,F,703
1038,Alice Hernandez,46,F,703
1039,Laura Jaynes,44,F,703
1040,Jean Duke,36,M,703
1041,Mike Casillas,33,M,703
1042,Juan Pearson,65,M,703
1043,Adrian Haight,41,none,703
1044,Adam Clasen,27,M,703
1045,Ernesto Hall,40,none,703
1046,John Millner,49,none,703
1047,Jennifer Ferguson,55,none,703
1048,Grace Martin,27,F,703
1049,Nannie Warren,53,F,703
1050,Karen Kneeland,57,none,703
1051,Catalina Rosario,57,F,703
1052,Francis Ferry,34,none,703
1053,Paul Hovermale,46,M,703
1054,Leslie Rosas,38,F,703
1055,Demarcus Vaughan,25,none,703
1056,Guy Love,37,M,703
1057,Mark Harris,50,M,703
1058,Charles Gibbons,44,M,703
1059,Karla Guerrette,32,none,703
1060,Karen Hill,27,none,703
1061,Lisa Treadway,31,F,703
1062,Gilbert Burroughs,27,M,703
1063,Shirley Callahan,63,none,703
1064,Mark Brownfield,63,M,703
1065,Casey Joos,60,M,703
1066,Virginia Walker,43,F,703
1067,Rosita Dorsch,36,F,703
1068,Melissa Morrison,61,F,703
1069,Luther Campbell,49,M,703
1070,Darren Rice,26,M,703
1071,Elizabeth Baker,59,none,703
1072,Glenna Ernst,47,F,703
1073,Monika Lightner,62,F,703
1074,Judy Dickie,34,F,703
1075,Wesley Collins,23,none,703
1076,Camille Bosley,47,F,703
1077,David Harwell,36,none,703
1078,Rashida Allan,55,none,703
1079,Hortensia Finch,62,F,703
1080,Ramon Shoji,53,M,703
1081,Albert Sparks,58,M,703
1082,Jonathan Partlow,37,M,703
1083,Christopher Mccormick,28,none,703
1084,Gregory Clay,59,M,703
1085,Rose Snow,23,F,703
1086,Jeffrey Duarte,32,none,703
1087,Sona Paolucci,52,F,703
1088,Jack Gold,24,M,703
1089,Forrest Kaufman,58,none,703
1090,Albert Colley,39,none,703
1091,Richard Mcdaries,22,M,703
1092,Bryon Denton,38,M,703
1093,Todd Morgan,24,M,703
1094,Arlene Suk,25,F,703
1095,Sam Donnelly,26,M,703
1096,Rosemary Finnell,29,F,703
1097,Mary Oldham,47,none,703
1098,Lyman Aguinaldo,61,M,703
1099,Joseph Nitz,36,M,703
1100,David Brooks,33,none,703
1101,Kristin Gaiser,58,F,703
1102,Beverly Porter,27,none,703
1103,Bernice Baker,23,F,703
1104,Juanita Palmer,42,none,703
1105,Cynthia Hambleton,45,none,703
1106,Dwight Hammers,34,M,703
1107,Hildegard Gerlach,40,F,703
1108,Jennifer Ferrer,65,F,703
1109,Gregory Fiorini,28,M,703
1110,Amy Thomas,27,none,703
1111,Agnes Allen,61,F,703
1112,Troy Reader,40,none,703
1113,Travis Cordell,44,M,703
1114,Sandra Wang,50,F,703
1115,Naomi Varner,58,F,703
1116,Henry Korczynski,21,M,703
1117,Jonathan Ferguson,40,none,703
1118,Emanuel Ross,47,M,703
1119,Brian Eckhardt,29,none,703
1120,Josephine Underwood,56,F,703
1121,Carrie Weir,43,F,703
1122,Kevin Summers,43,M,703
1123,Heath Lapierre,33,M,703
1124,Claude Hiatt,24,M,703
1125,Rebecca Englert,50,F,703
1126,Walter Bernat,27,M,703
1127,Holly Payton,46,F,703
1128,Winston Hogen,49,none,703
1129,Melvin Griggs,48,M,703
1130,Steve Shoffner,48,none,703
1131,Aaron Dyson,28,M,703
1132,Shannon Venegas,38,F,703
1133,Brady Harris,57,M,703
1134,Mary Benton,54,none,703
1135,Jessica Sancho,38,F,703
1136,Brian Mack,64,none,703
1137,Jessica Christensen,47,F,703
1138,Leonora Davis,26,F,703
1139,Marcos Kirk,34,M,703
1140,Nathan Robertson,58,M,703
1141,Anthony Doggett,28,M,703
1142,Larry Gonzales,36,M,703
1143,Mary Goodenow,63,none,703
1144,Norbert Covington,30,M,703
1145,Leonor Blanchard,39,none,703
1146,Cynthia Espinal,63,F,704
1147,Bradley Slaughter,33,M,704
1148,Laurel Rodriguez,45,F,704
1149,Troy Gates,59,M,704
1150,Ruth Cook,27,none,704
1151,Kathy Le,29,F,704
1152,Daniel Swanger,31,M,704
1153,Joyce Holsten,42,F,704
1154,Amy Miller,28,F,704
1155,Megan Anderson,59,F,704
1156,Michael Mitchell,31,M,704
1157,Vilma Gehring,58,F,704
1158,Kristyn Vincent,39,F,704
1159,Crystal Fontaine,40,F,704
1160,Garth Alvarez,47,M,704
1161,Mildred Correa,47,F,704
1162,Donnie Taylor,36,M,704
1163,Robert Chalker,44,M,704
1164,John Brooks,39,M,704
1165,Shonna Humpherys,61,F,704
1166,John Watson,32,M,704
1167,Richard Kiani,21,M,704
1168,Myrtle Johnson,31,F,704
1169,Edward Jablonski,50,M,704
1170,William Henslee,62,M,704
1171,Nichelle Kercher,38,F,704
1172,Margaret Lee,21,F,704
1173,David Rave,29,none,704
1174,Tamie Thompson,26,none,704
1175,Dora Vaughn,21,none,704
1176,Christopher Allred,31,M,704
1177,Brenda Faulk,59,F,704
1178,Matthew Sell,37,M,704
1179,Veronica Mcnear,43,F,704
1180,Jessica Walden,28,none,704
1181,Melissa Livingston,65,none,704
1182,Dorothy Woods,60,none,704
1183,Robin Taylor,28,M,704
1184,Nathaniel Mcmillian,39,none,704
1185,Andrew Neely,47,M,704
1186,Wilson Kellam,56,M,704
1187,Cody Foster,27,M,704
1188,Kim Firestine,42,none,704
1189,Jame Weber,50,M,704
1190,Matthew Lewis,21,M,704
1191,Charles Plotkin,51,M,704
1192,Danny Henderson,32,M,704
1193,Charla Knickerbocker,27,none,704
1194,Maria Jones,33,none,704
1195,Sandra Newsome,35,F,704
1196,Kevin Averill,27,none,704
1197,Maria Hawthorne,58,none,704
1198,Donnie Ames,57,none,704
1199,Michael Parker,44,none,704
1200,Alicia Gilchrist,62,F,704
1201,Samuel Bejarano,36,M,704
1202,Lauren Saenz,37,none,704
1203,Troy Stenberg,53,none,704
1204,Andrew Gonzales,35,M,704
1205,Julee Ruper,36,F,704
1206,Richard Warren,64,M,704
1207,Robert Fulcher,25,M,704
1208,Kyle Jewell,42,M,704
1209,Raymond Lubin,46,none,704
1210,Annette Uppencamp,49,none,704
1211,Keely Richardson,31,F,704
1212,Frances Workman,39,F,704
1213,Cecil Bronson,51,none,704
1214,Lydia Goff,28,F,704
1215,Zoe Ruiz,24,F,704
1216,Lois Robins,42,none,704
1217,Paul Canter,24,none,704
1218,Casey Bring,65,none,704
1219,Brian Walker,26,M,704
1220,Valerie Miller,36,none,704
1221,Clifton Phillips,33,M,704
1222,Steven Smith,64,M,704
1223,Victor Ahern,40,none,704
1224,Brian Swigert,55,none,704
1225,Danielle Williams,27,F,704
1226,Sandy Ayala,22,M,704
1227,Danny Pitpitan,35,M,704
1228,Jerry Warman,22,M,704
1229,Wilson Lawler,35,M,704
1230,Daniel Terry,32,M,704
1231,Clarence Carleton,53,M,704
1232,Christine Fuller,63,F,704
1233,Betty Amos,60,F,704
1234,Kayla Henkes,62,F,704
1235,Gary Catania,65,none,704
1236,James Rose,51,none,704
1237,Kathryn Allen,55,F,704
1238,Ina Cassidy,26,none,704
1239,Vanessa Mckay,23,F,704
1240,Scott Evans,48,M,704
1241,Frances Anderson,62,F,704
1242,Theresa Bewick,48,none,704
1243,Terri Mario,64,F,704
1244,Eddie Hofman,57,none,704
1245,Sandra Fisher,39,F,704
1246,Lan Brown,37,none,704
1247,Carol Wright,36,none,704
1248,Mathew Marin,23,M,704
1249,Eleanor Washington,42,F,704
1250,Lisa Beaman,53,F,704
1251,Patrick Warfield,58,M,704
1252,Lyndon Germain,47,none,704
1253,Sonia Mims,26,none,704
1254,Lorraine Langston,59,F,704
1255,Addie Jones,37,F,704
1256,Francisco Sierra,28,M,704
1257,Andre Chambers,31,M,704
1258,Daniel Williams,32,M,704
1259,Stacia Ratcliff,22,none,704
1260,Alfreda Robertson,26,none,704
1261,Robert Fleming,61,none,704
1262,Barbara Trejo,31,none,704
1263,Susan Fassino,29,F,704
1264,George Herring,28,M,704
1265,Lisa Strickland,50,F,704
1266,Patricia Albino,58,F,704
1267,Robert Leek,44,M,704
1268,Kathleen Heller,46,F,704
1269,Debra Stubbs,60,F,704
1270,Christopher Wilkerson,47,none,704
1271,Jessica Hoskins,61,F,704
1272,Deborah Keiser,61,F,704
1273,Mary Cline,36,F,704
1274,Charles Smalley,26,none,704
1275,Randall Vanhoose,39,M,704
1276,David Mankey,49,M,704
1277,Paul Shields,37,M,704
1278,Wayne Williams,35,M,704
1279,Gary Clayton,64,none,704
1280,John Simpson,37,none,704
1281,Shirley Ortiz,63,F,704
1282,John Martindale,30,M,704
1283,Terrence Smith,23,none,704
1284,June Chynoweth,47,F,704
1285,Bill Wright,37,M,704
1286,Beverly Campbell,64,F,704
1287,Lorene Mason,58,F,704
1288,Victor Amick,22,none,704
1289,Shirley Oneal,24,F,704
1290,William Sabir,32,M,704
1291,Bonnie Miller,56,F,704
1292,Nicole Conroy,32,F,704
1293,Thomas Fennell,56,none,704
1294,John Moroney,34,M,704
1295,Lauren Reynolds,46,F,704
1296,Julie Lefebvre,59,F,704
1297,Kathleen Griggs,49,F,704
1298,Lori Barbour,32,F,704
1299,Helen Meyer,25,none,704
1300,Cynthia Noguera,30,F,704
1301,Joseph Turner,57,M,704
1302,Marilee Thompson,63,F,704
1303,Douglas Kreider,59,M,704
1304,Daniel Chobot,57,M,704
1305,Sandra Cutlip,51,F,704
1306,David Trost,40,M,704
1307,Carl Branch,56,M,704
1308,Yolanda Perry,25,F,704
1309,Tony Bishop,22,none,704
1310,Billy Polly,46,M,704
1311,Timothy Boyce,65,M,704
1312,Matthew Eskridge,38,M,704
1313,Milton Thompson,61,M,704
1314,Janet Bufkin,43,F,704
1315,Annabel Loughran,23,F,704
1316,Joseph Colvin,50,M,704
1317,Goldie Pankratz,45,none,704
1318,Harriette Roswick,55,none,704
1319,Grace Walling,51,none,704
1320,Trevor Robinson,26,M,704
1321,Cynthia Starkey,59,none,704
1322,Irene Cavanaugh,31,none,704
1323,Helen Warner,24,F,704
1324,Jason Fraser,26,none,704
1325,Doris Wendt,51,F,704
1326,Phillip Sarni,60,M,704
1327,Joseph Mccoy,42,M,704
1328,Cheryl Avila,51,F,704
1329,Alva Johnson,59,M,704
1330,Laura Helle,59,none,704
1331,Nathan Kyle,37,M,704
1332,Kimberly Jessica,37,F,704
1333,Misty Littlefield,21,F,704
1334,Tina Lancaster,60,F,704
1335,Albert Garroutte,23,M,704
1336,Kim Shores,40,F,704
1337,James Gimenez,28,M,704
1338,Viola Agosta,52,F,704
1339,Paul Rodriguez,35,M,704
